domain,tls_error,tls_version_max,tls_key_alg,tls_key_size,tls_curve,tls_cert_issuer,tls_days_until_expiry,tls_cipher_suites_total,tls_cipher_suites_fs,tls_cipher_suites_list,tls_cipher_suites_weak,tls_cipher_weak_list,tls_hsts
training.gov.au,,TLS_1_2,RSAPublicKey,2048,,"CN=DigiCert Global Root G2,OU=www.digicert.com,O=DigiCert Inc,C=US",221,3,3,TLS_ECDHE_RSA_WITH_CHACHA20_POLY1305_SHA256;TLS_ECDHE_RSA_WITH_AES_256_GCM_SHA384;TLS_ECDHE_RSA_WITH_AES_128_GCM_SHA256,0,,1
dhs.sa.gov.au,,TLS_1_3,ECPublicKey,256,secp256r1,"CN=ISRG Root X1,O=Internet Security Research Group,C=US",38,23,14,TLS_CHACHA20_POLY1305_SHA256;TLS_AES_256_GCM_SHA384;TLS_AES_128_GCM_SHA256;TLS_RSA_WITH_AES_256_GCM_SHA384;TLS_RSA_WITH_AES_256_CBC_SHA256;TLS_RSA_WITH_AES_256_CBC_SHA;TLS_RSA_WITH_AES_128_GCM_SHA256;TLS_RSA_WITH_AES_128_CBC_SHA256;TLS_RSA_WITH_AES_128_CBC_SHA;TLS_ECDHE_RSA_WITH_CHACHA20_POLY1305_SHA256;TLS_ECDHE_RSA_WITH_AES_256_GCM_SHA384;TLS_ECDHE_RSA_WITH_AES_256_CBC_SHA384;TLS_ECDHE_RSA_WITH_AES_256_CBC_SHA;TLS_ECDHE_RSA_WITH_AES_128_GCM_SHA256;TLS_ECDHE_RSA_WITH_AES_128_CBC_SHA256;TLS_ECDHE_RSA_WITH_AES_128_CBC_SHA;TLS_ECDHE_ECDSA_WITH_CHACHA20_POLY1305_SHA256;TLS_ECDHE_ECDSA_WITH_AES_256_GCM_SHA384;TLS_ECDHE_ECDSA_WITH_AES_256_CBC_SHA384;TLS_ECDHE_ECDSA_WITH_AES_256_CBC_SHA;TLS_ECDHE_ECDSA_WITH_AES_128_GCM_SHA256;TLS_ECDHE_ECDSA_WITH_AES_128_CBC_SHA256;TLS_ECDHE_ECDSA_WITH_AES_128_CBC_SHA,6,TLS_RSA_WITH_AES_256_GCM_SHA384;TLS_RSA_WITH_AES_256_CBC_SHA256;TLS_RSA_WITH_AES_256_CBC_SHA;TLS_RSA_WITH_AES_128_GCM_SHA256;TLS_RSA_WITH_AES_128_CBC_SHA256;TLS_RSA_WITH_AES_128_CBC_SHA,0
donotcall.gov.au,,TLS_1_3,RSAPublicKey,2048,,"CN=USERTrust RSA Certification Authority,O=The USERTRUST Network,L=Jersey City,ST=New Jersey,C=US",77,8,5,TLS_CHACHA20_POLY1305_SHA256;TLS_AES_256_GCM_SHA384;TLS_AES_128_GCM_SHA256;TLS_ECDHE_RSA_WITH_CHACHA20_POLY1305_SHA256;TLS_ECDHE_RSA_WITH_AES_256_GCM_SHA384;TLS_ECDHE_RSA_WITH_AES_128_GCM_SHA256;TLS_DHE_RSA_WITH_AES_256_GCM_SHA384;TLS_DHE_RSA_WITH_AES_128_GCM_SHA256,0,,0
police.sa.gov.au,,TLS_1_2,RSAPublicKey,2048,,"CN=DigiCert Global Root G2,OU=www.digicert.com,O=DigiCert Inc,C=US",337,2,2,TLS_ECDHE_RSA_WITH_AES_256_GCM_SHA384;TLS_ECDHE_RSA_WITH_AES_128_GCM_SHA256,0,,0
health.vic.gov.au,,TLS_1_3,RSAPublicKey,2048,,"CN=ISRG Root X1,O=Internet Security Research Group,C=US",56,7,4,TLS_CHACHA20_POLY1305_SHA256;TLS_AES_256_GCM_SHA384;TLS_AES_128_GCM_SHA256;TLS_ECDHE_RSA_WITH_AES_256_GCM_SHA384;TLS_ECDHE_RSA_WITH_AES_128_GCM_SHA256;TLS_DHE_RSA_WITH_AES_256_GCM_SHA384;TLS_DHE_RSA_WITH_AES_128_GCM_SHA256,0,,1
parks.tas.gov.au,certinfo_error ('NoneType' object has no attribute 'get'),,,0,,,0,0,0,,0,,0
exportfinance.gov.au,,TLS_1_3,RSAPublicKey,2048,,"CN=DigiCert Global Root G2,OU=www.digicert.com,O=DigiCert Inc,C=US",13,14,6,TLS_AES_256_GCM_SHA384;TLS_AES_128_GCM_SHA256;TLS_RSA_WITH_AES_256_GCM_SHA384;TLS_RSA_WITH_AES_256_CBC_SHA256;TLS_RSA_WITH_AES_256_CBC_SHA;TLS_RSA_WITH_AES_128_GCM_SHA256;TLS_RSA_WITH_AES_128_CBC_SHA256;TLS_RSA_WITH_AES_128_CBC_SHA;TLS_ECDHE_RSA_WITH_AES_256_GCM_SHA384;TLS_ECDHE_RSA_WITH_AES_256_CBC_SHA384;TLS_ECDHE_RSA_WITH_AES_256_CBC_SHA;TLS_ECDHE_RSA_WITH_AES_128_GCM_SHA256;TLS_ECDHE_RSA_WITH_AES_128_CBC_SHA256;TLS_ECDHE_RSA_WITH_AES_128_CBC_SHA,6,TLS_RSA_WITH_AES_256_GCM_SHA384;TLS_RSA_WITH_AES_256_CBC_SHA256;TLS_RSA_WITH_AES_256_CBC_SHA;TLS_RSA_WITH_AES_128_GCM_SHA256;TLS_RSA_WITH_AES_128_CBC_SHA256;TLS_RSA_WITH_AES_128_CBC_SHA,1
productsafety.gov.au,,TLS_1_3,ECPublicKey,256,secp256r1,"CN=ISRG Root X1,O=Internet Security Research Group,C=US",39,7,3,TLS_CHACHA20_POLY1305_SHA256;TLS_AES_256_GCM_SHA384;TLS_AES_128_GCM_SHA256;TLS_AES_128_CCM_SHA256;TLS_ECDHE_ECDSA_WITH_CHACHA20_POLY1305_SHA256;TLS_ECDHE_ECDSA_WITH_AES_256_GCM_SHA384;TLS_ECDHE_ECDSA_WITH_AES_128_GCM_SHA256,0,,1
fpa.tas.gov.au,,TLS_1_3,ECPublicKey,256,secp256r1,"CN=ISRG Root X1,O=Internet Security Research Group,C=US",86,23,14,TLS_CHACHA20_POLY1305_SHA256;TLS_AES_256_GCM_SHA384;TLS_AES_128_GCM_SHA256;TLS_RSA_WITH_AES_256_GCM_SHA384;TLS_RSA_WITH_AES_256_CBC_SHA256;TLS_RSA_WITH_AES_256_CBC_SHA;TLS_RSA_WITH_AES_128_GCM_SHA256;TLS_RSA_WITH_AES_128_CBC_SHA256;TLS_RSA_WITH_AES_128_CBC_SHA;TLS_ECDHE_RSA_WITH_CHACHA20_POLY1305_SHA256;TLS_ECDHE_RSA_WITH_AES_256_GCM_SHA384;TLS_ECDHE_RSA_WITH_AES_256_CBC_SHA384;TLS_ECDHE_RSA_WITH_AES_256_CBC_SHA;TLS_ECDHE_RSA_WITH_AES_128_GCM_SHA256;TLS_ECDHE_RSA_WITH_AES_128_CBC_SHA256;TLS_ECDHE_RSA_WITH_AES_128_CBC_SHA;TLS_ECDHE_ECDSA_WITH_CHACHA20_POLY1305_SHA256;TLS_ECDHE_ECDSA_WITH_AES_256_GCM_SHA384;TLS_ECDHE_ECDSA_WITH_AES_256_CBC_SHA384;TLS_ECDHE_ECDSA_WITH_AES_256_CBC_SHA;TLS_ECDHE_ECDSA_WITH_AES_128_GCM_SHA256;TLS_ECDHE_ECDSA_WITH_AES_128_CBC_SHA256;TLS_ECDHE_ECDSA_WITH_AES_128_CBC_SHA,6,TLS_RSA_WITH_AES_256_GCM_SHA384;TLS_RSA_WITH_AES_256_CBC_SHA256;TLS_RSA_WITH_AES_256_CBC_SHA;TLS_RSA_WITH_AES_128_GCM_SHA256;TLS_RSA_WITH_AES_128_CBC_SHA256;TLS_RSA_WITH_AES_128_CBC_SHA,0
indigenous.gov.au,,TLS_1_3,RSAPublicKey,2048,,"CN=GlobalSign,O=GlobalSign,OU=GlobalSign Root CA - R3",156,16,7,TLS_CHACHA20_POLY1305_SHA256;TLS_AES_256_GCM_SHA384;TLS_AES_128_GCM_SHA256;TLS_RSA_WITH_AES_256_GCM_SHA384;TLS_RSA_WITH_AES_256_CBC_SHA256;TLS_RSA_WITH_AES_256_CBC_SHA;TLS_RSA_WITH_AES_128_GCM_SHA256;TLS_RSA_WITH_AES_128_CBC_SHA256;TLS_RSA_WITH_AES_128_CBC_SHA;TLS_ECDHE_RSA_WITH_CHACHA20_POLY1305_SHA256;TLS_ECDHE_RSA_WITH_AES_256_GCM_SHA384;TLS_ECDHE_RSA_WITH_AES_256_CBC_SHA384;TLS_ECDHE_RSA_WITH_AES_256_CBC_SHA;TLS_ECDHE_RSA_WITH_AES_128_GCM_SHA256;TLS_ECDHE_RSA_WITH_AES_128_CBC_SHA256;TLS_ECDHE_RSA_WITH_AES_128_CBC_SHA,6,TLS_RSA_WITH_AES_256_GCM_SHA384;TLS_RSA_WITH_AES_256_CBC_SHA256;TLS_RSA_WITH_AES_256_CBC_SHA;TLS_RSA_WITH_AES_128_GCM_SHA256;TLS_RSA_WITH_AES_128_CBC_SHA256;TLS_RSA_WITH_AES_128_CBC_SHA,1
migration.sa.gov.au,,TLS_1_3,RSAPublicKey,2048,,"CN=ISRG Root X1,O=Internet Security Research Group,C=US",33,9,5,TLS_CHACHA20_POLY1305_SHA256;TLS_AES_256_GCM_SHA384;TLS_AES_128_GCM_SHA256;TLS_AES_128_CCM_SHA256;TLS_ECDHE_RSA_WITH_CHACHA20_POLY1305_SHA256;TLS_ECDHE_RSA_WITH_AES_256_GCM_SHA384;TLS_ECDHE_RSA_WITH_AES_128_GCM_SHA256;TLS_DHE_RSA_WITH_AES_256_GCM_SHA384;TLS_DHE_RSA_WITH_AES_128_GCM_SHA256,0,,0
humanrights.gov.au,,TLS_1_3,RSAPublicKey,2048,,"CN=ISRG Root X1,O=Internet Security Research Group,C=US",78,6,3,TLS_CHACHA20_POLY1305_SHA256;TLS_AES_256_GCM_SHA384;TLS_AES_128_GCM_SHA256;TLS_ECDHE_RSA_WITH_CHACHA20_POLY1305_SHA256;TLS_ECDHE_RSA_WITH_AES_256_GCM_SHA384;TLS_ECDHE_RSA_WITH_AES_128_GCM_SHA256,0,,1
fishing.tas.gov.au,,TLS_1_2,RSAPublicKey,2048,,"CN=AAA Certificate Services,O=Comodo CA Limited,L=Salford,ST=Greater Manchester,C=GB",48,17,8,TLS_RSA_WITH_RC4_128_SHA;TLS_RSA_WITH_RC4_128_MD5;TLS_RSA_WITH_AES_256_GCM_SHA384;TLS_RSA_WITH_AES_256_CBC_SHA256;TLS_RSA_WITH_AES_256_CBC_SHA;TLS_RSA_WITH_AES_128_GCM_SHA256;TLS_RSA_WITH_AES_128_CBC_SHA256;TLS_RSA_WITH_AES_128_CBC_SHA;TLS_RSA_WITH_3DES_EDE_CBC_SHA;TLS_ECDHE_RSA_WITH_AES_256_CBC_SHA384;TLS_ECDHE_RSA_WITH_AES_256_CBC_SHA;TLS_ECDHE_RSA_WITH_AES_128_CBC_SHA256;TLS_ECDHE_RSA_WITH_AES_128_CBC_SHA;TLS_DHE_RSA_WITH_AES_256_GCM_SHA384;TLS_DHE_RSA_WITH_AES_256_CBC_SHA;TLS_DHE_RSA_WITH_AES_128_GCM_SHA256;TLS_DHE_RSA_WITH_AES_128_CBC_SHA,9,TLS_RSA_WITH_RC4_128_SHA;TLS_RSA_WITH_RC4_128_MD5;TLS_RSA_WITH_AES_256_GCM_SHA384;TLS_RSA_WITH_AES_256_CBC_SHA256;TLS_RSA_WITH_AES_256_CBC_SHA;TLS_RSA_WITH_AES_128_GCM_SHA256;TLS_RSA_WITH_AES_128_CBC_SHA256;TLS_RSA_WITH_AES_128_CBC_SHA;TLS_RSA_WITH_3DES_EDE_CBC_SHA,1
moneysmart.gov.au,,TLS_1_3,ECPublicKey,256,secp256r1,"CN=ISRG Root X1,O=Internet Security Research Group,C=US",85,7,4,TLS_CHACHA20_POLY1305_SHA256;TLS_AES_256_GCM_SHA384;TLS_AES_128_GCM_SHA256;TLS_ECDHE_RSA_WITH_CHACHA20_POLY1305_SHA256;TLS_ECDHE_RSA_WITH_AES_128_GCM_SHA256;TLS_ECDHE_ECDSA_WITH_CHACHA20_POLY1305_SHA256;TLS_ECDHE_ECDSA_WITH_AES_128_GCM_SHA256,0,,1
ipaustralia.gov.au,,TLS_1_3,RSAPublicKey,2048,,"CN=DigiCert Global Root G2,OU=www.digicert.com,O=DigiCert Inc,C=US",78,6,4,TLS_AES_256_GCM_SHA384;TLS_AES_128_GCM_SHA256;TLS_ECDHE_RSA_WITH_AES_256_GCM_SHA384;TLS_ECDHE_RSA_WITH_AES_256_CBC_SHA384;TLS_ECDHE_RSA_WITH_AES_128_GCM_SHA256;TLS_ECDHE_RSA_WITH_AES_128_CBC_SHA256,0,,1
schoolbuses.wa.gov.au,,TLS_1_3,RSAPublicKey,2048,,"CN=DigiCert Global Root G2,OU=www.digicert.com,O=DigiCert Inc,C=US",355,6,3,TLS_CHACHA20_POLY1305_SHA256;TLS_AES_256_GCM_SHA384;TLS_AES_128_GCM_SHA256;TLS_ECDHE_RSA_WITH_CHACHA20_POLY1305_SHA256;TLS_ECDHE_RSA_WITH_AES_256_GCM_SHA384;TLS_ECDHE_RSA_WITH_AES_128_GCM_SHA256,0,,1
museumsvictoria.com.au,,TLS_1_3,ECPublicKey,256,secp256r1,"CN=GlobalSign Root CA,OU=Root CA,O=GlobalSign nv-sa,C=BE",69,23,14,TLS_CHACHA20_POLY1305_SHA256;TLS_AES_256_GCM_SHA384;TLS_AES_128_GCM_SHA256;TLS_RSA_WITH_AES_256_GCM_SHA384;TLS_RSA_WITH_AES_256_CBC_SHA256;TLS_RSA_WITH_AES_256_CBC_SHA;TLS_RSA_WITH_AES_128_GCM_SHA256;TLS_RSA_WITH_AES_128_CBC_SHA256;TLS_RSA_WITH_AES_128_CBC_SHA;TLS_ECDHE_RSA_WITH_CHACHA20_POLY1305_SHA256;TLS_ECDHE_RSA_WITH_AES_256_GCM_SHA384;TLS_ECDHE_RSA_WITH_AES_256_CBC_SHA384;TLS_ECDHE_RSA_WITH_AES_256_CBC_SHA;TLS_ECDHE_RSA_WITH_AES_128_GCM_SHA256;TLS_ECDHE_RSA_WITH_AES_128_CBC_SHA256;TLS_ECDHE_RSA_WITH_AES_128_CBC_SHA;TLS_ECDHE_ECDSA_WITH_CHACHA20_POLY1305_SHA256;TLS_ECDHE_ECDSA_WITH_AES_256_GCM_SHA384;TLS_ECDHE_ECDSA_WITH_AES_256_CBC_SHA384;TLS_ECDHE_ECDSA_WITH_AES_256_CBC_SHA;TLS_ECDHE_ECDSA_WITH_AES_128_GCM_SHA256;TLS_ECDHE_ECDSA_WITH_AES_128_CBC_SHA256;TLS_ECDHE_ECDSA_WITH_AES_128_CBC_SHA,6,TLS_RSA_WITH_AES_256_GCM_SHA384;TLS_RSA_WITH_AES_256_CBC_SHA256;TLS_RSA_WITH_AES_256_CBC_SHA;TLS_RSA_WITH_AES_128_GCM_SHA256;TLS_RSA_WITH_AES_128_CBC_SHA256;TLS_RSA_WITH_AES_128_CBC_SHA,1
cdpp.gov.au,,TLS_1_3,RSAPublicKey,2048,,"CN=ISRG Root X1,O=Internet Security Research Group,C=US",40,8,5,TLS_CHACHA20_POLY1305_SHA256;TLS_AES_256_GCM_SHA384;TLS_AES_128_GCM_SHA256;TLS_ECDHE_RSA_WITH_CHACHA20_POLY1305_SHA256;TLS_ECDHE_RSA_WITH_AES_256_GCM_SHA384;TLS_ECDHE_RSA_WITH_AES_128_GCM_SHA256;TLS_DHE_RSA_WITH_AES_256_GCM_SHA384;TLS_DHE_RSA_WITH_AES_128_GCM_SHA256,0,,1
